[
{"title": "請問列何者是製作小魚乾常使用的魚?", 
    "A": "鮪魚", "B": "鯷魚", "C": "沙丁魚", "D": "鯖魚", 
    "ans": "B", "n": "1"},
{"title": "請問潮州名菜中有道把香蕉中間放冬瓜糖拿去油炸的料理名為?", 
    "A": "心太軟", "B": "不落夾", "C": "三不沾", "D": "來不及", 
    "ans": "D", "n": "2"},
{"title": "請問下列何者不是威靈頓牛排的材料?", 
    "A": "菲力", "B": "起司", "C": "酥皮", "D": "鵝肝醬", 
    "ans": "B", "n": "3"},
{"title": "請問下列何者是牧羊人派的主要材料?", 
    "A": "馬鈴薯", "B": "地瓜", "C": "米", "D": "山藥", 
    "ans": "A", "n": "4"},
{"title": "請問哪種麵包產自俄羅斯?", 
    "A": "可頌", "B": "班諾克", "C": "佛卡夏", "D": "大列巴", 
    "ans": "D", "n": "5"},
{"title": "請問第一碗在日本販售的拉麵口味是?", 
    "A": "醬油", "B": "豚骨", "C": "鹽味", "D": "味噌", 
    "ans": "C", "n": "6"},
{"title": "請問哪個不是韓式涼拌小菜?", 
    "A": "酸筍", "B": "涼拌黃豆芽", "C": "辛奇", "D": "醃蘿蔔", 
    "ans": "A", "n": "7"},
{"title": "請問2022世界巧克力大賽在幾月舉辦?", 
    "A": "11", "B": "7", "C": "8", "D": "10", 
    "ans": "A", "n": "8"},
{"title": "阿拉伯小吃沙威瑪源於土耳其文「çevirme」，請問çevirme的意思是?", 
    "A": "烤肉", "B": "夾心", "C": "堆疊", "D": "旋轉", 
    "ans": "D", "n": "9"},
{"title": "請問沙其馬源於哪個國家?", 
    "A": "土耳其", "B": "中國", "C": "台灣", "D": "匈牙利", 
    "ans": "B", "n": "10"},
{"title": "請問披薩曾經是哪個區域的窮人主食?", 
    "A": "威尼斯", "B": "拿坡裡", "C": "西西里島", "D": "比薩", 
    "ans": "B", "n": "11"},
{"title": "請問哪個是「全球十大黑暗料理」前三名?", 
    "A": "鯡魚罐頭", "B": "黑布丁", "C": "皮蛋", "D": "炸蜘蛛", 
    "ans": "C", "n": "12"},
{"title": "請問含水30%以上的和菓子是?", 
    "A": "生菓子", "B": "半生菓子", "C": "乾菓子", "D": "熟菓子", 
    "ans": "A", "n": "13"},
{"title": "請問可樂是什麼人發明的?", 
    "A": "商人", "B": "鞋匠", "C": "農民", "D": "藥師", 
    "ans": "D", "n": "14"},
{"title": "請問巴西國菜「腓秀雅雜」指的是?", 
    "A": "起司麵包球", "B": "椰奶燴蝦", "C": "炸雞肉包", "D": "黑豆肉粒飯", 
    "ans": "D", "n": "15"},
{"title": "請問下列哪個不是泰式三大咖哩?", 
    "A": "青咖哩", "B": "紅咖哩", "C": "黃咖哩", "D": "白咖哩", 
    "ans": "D", "n": "16"},
{"title": "請問日本料理中，「鱈魚白子」是鱈魚的哪個部位?", 
    "A": "精囊", "B": "眼珠", "C": "腸子", "D": "卵", 
    "ans": "A", "n": "17"},
{"title": "請問哪個不是挪威美食?", 
    "A": "風干鹹羊排", "B": "駝鹿肉", "C": "黑布丁", "D": "鯨魚肉", 
    "ans": "C", "n": "18"},
{"title": "請問蛋腸是台灣哪個縣市的限定美食?", 
    "A": "新北", "B": "基隆", "C": "苗栗", "D": "台南", 
    "ans": "B", "n": "19"},
{"title": "請問法國的傳統食物「國王派」通常在哪天享用?", 
    "A": "1/1", "B": "1/6", "C": "1/7", "D": "1/25", 
    "ans": "B", "n": "20"},
{"title": "請問果凍花起源於?", 
    "A": "法國", "B": "日本", "C": "西班牙", "D": "馬來西亞", 
    "ans": "C", "n": "21"},
{"title": "請問埃及美食「鳥舌湯」的由來?", 
    "A": "加入巫婆鳥的舌頭製成", "B": "傳聞中神話貝努鳥的祭祀品", "C": "麵粉形似鳥舌而命名", "D": "從海商帶來的鳥舌蘭發想而出", 
    "ans": "C", "n": "22"},
{"title": "印度料理Thali指的是米或烤餅配上許多小碗沾醬的套餐，請問Thali在印度語中是什麼意思?", 
    "A": "沾醬", "B": "大盤子", "C": "選擇", "D": "雜燴", 
    "ans": "B", "n": "23"},
{"title": "請問下列哪種火腿最有韌性?", 
    "A": "伊比利火腿", "B": "金華火腿", "C": "黑森林火腿", "D": "壓型火腿", 
    "ans": "A", "n": "24"},
{"title": "請問荷蘭小鬆餅通常加入什麼餡料?", 
    "A": "果醬", "B": "乳酪", "C": "巧克力", "D": "不加入餡料", 
    "ans": "D", "n": "25"},
{"title": "請問丹麥料理魔鬼太陽是?", 
    "A": "生牛肉+生蛋黃", "B": "熟牛肉+生蛋黃", "C": "生牛肉+熟蛋黃", "D": "熟牛肉+熟蛋黃", 
    "ans": "A", "n": "26"},
{"title": "請問「布林餅」是俄羅斯哪個傳統節日的必備美食?", 
    "A": "謝肉節", "B": "紅帆節", "C": "洗禮節", "D": "樺樹節", 
    "ans": "A", "n": "27"},
{"title": "請問下列不是西安名菜「明四喜」的四喜之一?", 
    "A": "洞房花燭夜", "B": "金榜題名時", "C": "久旱逢甘霖", "D": "他鄉遇老師", 
    "ans": "D", "n": "28"},
{"title": "費南雪又稱做什麼?", 
    "A": "瑪德蓮", "B": "金磚蛋糕", "C": "磅蛋糕", "D": "杏仁圓蛋糕", 
    "ans": "B", "n": "29"},
{"title": "請問下列何者不是世界三大湯頭之一?", 
    "A": "馬賽魚湯", "B": "上湯", "C": "羅宋湯", "D": "冬陰湯", 
    "ans": "C", "n": "30"},
{"title": "亡靈麵包是墨西哥什麼節日吃的麵包?", 
    "A": "三王節", "B": "革命日", "C": "亡靈節", "D": "瓜達魯佩聖母日", 
    "ans": "C", "n": "31"},
{"title": "卡塔耶夫是齋月期間埃及人最喜愛的甜點之一，也被稱為中東薄餅，會放入葡萄乾、堅果並蘸著蜂蜜吃，請問其烹飪手法是?", 
    "A": "煎", "B": "烘烤", "C": "油炸", "D": "蒸", 
    "ans": "C", "n": "32"},
{"title": "歐培拉(Gâteau opéra)是一種夾有咖啡糖漿和巧克力醬的杏仁奶油蛋糕，又被稱為?", 
    "A": "千層蛋糕", "B": "大理石蛋糕", "C": "拿破崙蛋糕", "D": "歌劇院蛋糕", 
    "ans": "D", "n": "33"},
{"title": "潘多洛麵包是一種義大利耶誕節慶甜品，表面呈金黃色，因加入大量的蛋黃口感近似於蛋糕，所以又稱?", 
    "A": "蛋糕麵包", "B": "六角星麵包", "C": "黃金麵包", "D": "雪山麵包", 
    "ans": "C", "n": "34"},
{"title": "甘納許是一種在失敗中誕生的巧克力，傳聞有位學徒在製作甜品時，不小心在巧克力中倒入了過多的牛奶，於是被師傅大罵了一聲甘納許，請問甘納許意思是?", 
    "A": "笨蛋", "B": "天才", "C": "廢物", "D": "平庸", 
    "ans": "A", "n": "35"},
{"title": "桃花酥是一款宮廷點心，請問它的顏色是?", 
    "A": "白色", "B": "粉色", "C": "紅色", "D": "黃色", 
    "ans": "B", "n": "36"},
{"title": "請問下列何者不是中國名菜「臘味合蒸」的內容?", 
    "A": "臘豬肉", "B": "臘牛肉", "C": "臘雞", "D": "臘魚", 
    "ans": "B", "n": "37"},
{"title": "請問源自東倫敦的菜餚「鱔魚凍」通常會搭配什麼食用?", 
    "A": "醬油", "B": "毛豆", "C": "馬鈴薯泥", "D": "白米", 
    "ans": "C", "n": "38"},
{"title": "請問鹽甘草糖因含有氯化銨，所以有什麼味道?", 
    "A": "菸草", "B": "瓦斯", "C": "消毒水", "D": "燒仙草", 
    "ans": "C", "n": "39"},
{"title": "請問瑞典的「全國肉桂麵包捲日」在?", 
    "A": "5/13", "B": "12/25", "C": "8/8", "D": "10/4", 
    "ans": "D", "n": "40"},
{"title": "請問正宗羅宋湯以甜菜为主料，因此呈現什麼色?", 
    "A": "紫红色", "B": "金黃色", "C": "奶白色", "D": "碧綠色", 
    "ans": "A", "n": "41"},
{"title": "「戰斧牛排」又叫「帶骨眼肉」，請問其部位是?", 
    "A": "菲力", "B": "沙朗", "C": "紐約客", "D": "肋眼", 
    "ans": "D", "n": "42"},
{"title": "請問下列何者不是日本過年傳統食物?", 
    "A": "蕎麥麵", "B": "鏡餅", "C": "御節料理", "D": "生魚片", 
    "ans": "D", "n": "43"},
{"title": "約克郡布丁是英國的傳統食品，被稱為是英國女王最愛的食物之一，請問約克郡布丁其實是一種?", 
    "A": "蛋糕", "B": "麵包", "C": "吐司", "D": "水果塔", 
    "ans": "B", "n": "44"},
{"title": "請問肉骨茶材料不包含?", 
    "A": "香料", "B": "排骨", "C": "茶葉", "D": "藥材", 
    "ans": "C", "n": "45"},
{"title": "請問貝果的發源地是?", 
    "A": "奧地利", "B": "美國", "C": "中國", "D": "紐西蘭", 
    "ans": "A", "n": "46"},
{"title": "請問何者是紐西蘭美食?", 
    "A": "班尼迪克蛋", "B": "葡萄酒", "C": "炒麵", "D": "生蚝", 
    "ans": "D", "n": "47"},
{"title": "請問泡麵發源地是?", 
    "A": "韓國", "B": "新加坡", "C": "中國", "D": "日本", 
    "ans": "D", "n": "48"},
{"title": "菲達乳酪原產自希臘，要以綿羊奶製作，口感綿滑、柔軟、細緻，需要浸泡鹽水保存，是一種?", 
    "A": "硬質乳酪", "B": "藍黴乳酪", "C": "軟質熟成乳酪", "D": "軟質新鮮乳酪", 
    "ans": "D", "n": "49"},
{"title": "請問石鍋拌飯顏色繽紛，下列何者不屬於以韓國人篤信的「五行說」中的一色?", 
    "A": "紅", "B": "綠", "C": "白", "D": "橙", 
    "ans": "D", "n": "50"},
{"title": "慕尼黑白香腸又稱巴伐利亞白香腸，由剁碎的小牛肉和煙豬肉製做，因為它是用食鹽而不是亞硝酸鹽製成的，顏色呈?", 
    "A": "酒紅色", "B": "灰白色", "C": "淺黃色", "D": "黑色", 
    "ans": "B", "n": "51"},
{"title": "請問下列何者不是「西方三大珍饈」?", 
    "A": "魚子醬", "B": "藏紅花", "C": "松露", "D": "鵝肝", 
    "ans": "B", "n": "52"},
{"title": "薩芭雍是義大利的一種甜品，是用雞蛋混合奶油，甜酒，澆在各式各樣水果上著名的宮廷代表作，請問甜酒是指?", 
    "A": "朗姆酒", "B": "利口酒", "C": "雪莉酒", "D": "蛋奶酒", 
    "ans": "A", "n": "53"},
{"title": " 史多倫麵包(Stollen)是德國的一種麵包，它的麵包體象徵著繈褓中的耶穌，其特色為麵包中加入各色酒漬果乾，請問是德國何種節日的必吃麵包?", 
    "A": "萬聖節", "B": "復活節", "C": "聖誕節", "D": "新年", 
    "ans": "C", "n": "54"},
{"title": "請問生煎包又被稱為?", 
    "A": "生煎饅頭", "B": "水煎包", "C": "口袋餅", "D": "饢", 
    "ans": "A", "n": "55"},
{"title": "八寶飯是一道江南蒸制名點，請問下列何者不是其原材料?", 
    "A": "糯米", "B": "蓮心", "C": "枸杞", "D": "豆沙", 
    "ans": "C", "n": "56"},
{"title": "可頌是法文Croissant的音譯，請問Croissant是指?", 
    "A": "奶油", "B": "金色", "C": "新月", "D": "焦糖", 
    "ans": "C", "n": "57"},
{"title": "請問下列何者不是熱狗別稱?", 
    "A": "德國香腸", "B": "法蘭克福香腸", "C": "燻肉香腸", "D": "維也納香腸", 
    "ans": "A", "n": "58"},
{"title": "煎餅果子是天津的著名小吃，以什麼為主料，調成糊狀，攤成煎餅?", 
    "A": "黃豆粉", "B": "綠豆粉", "C": "黑豆粉", "D": "紅豆粉", 
    "ans": "B", "n": "59"},
{"title": "請問下列何者不是台灣夜市小吃豬血糕的別稱?", 
    "A": "米血糕", "B": "豬血粿", "C": "明賢", "D": "鴨血糕", 
    "ans": "D", "n": "60"},
{"title": "請問月亮蝦餅源自於?", 
    "A": "越南", "B": "台灣", "C": "韓國", "D": "泰國", 
    "ans": "B", "n": "61"},
{"title": "請問打拋豬的特殊風味來自於?", 
    "A": "九層塔", "B": "迷迭香", "C": "打拋葉", "D": "馬告", 
    "ans": "C", "n": "62"},
{"title": "請問棒棒糖發源地是?", 
    "A": "葡萄牙", "B": "美國", "C": "英國", "D": "西班牙", 
    "ans": "D", "n": "63"},
{"title": "請問下列何者不是加拿大國菜「波蘭餃子」的別稱?", 
    "A": "斯洛伐克餃子", "B": "烏克蘭餃子", "C": "俄國餃子", "D": "西伯利亞餃子", 
    "ans": "A", "n": "64"},
{"title": "裝滿肉碎或肉粒和濃郁肉汁的鹹派，大小永遠不會超出手掌可捧握的範圍，屬於哪國美食?", 
    "A": "澳洲", "B": "美國", "C": "西班牙", "D": "英國", 
    "ans": "A", "n": "65"},
{"title": "沙嗲又名沙嗲串燒、沙嗲串，是一種東南亞的烤肉串，其起源於?", 
    "A": "越南", "B": "馬來西亞", "C": "印尼", "D": "泰國", 
    "ans": "C", "n": "66"},
{"title": "卡雷卡雷是菲律賓的一種燉菜，味道鹹中帶甜，請問它是用牛尾和什麼醬燉成?", 
    "A": "草莓醬", "B": "花生醬", "C": "巧克力醬", "D": "沙茶醬", 
    "ans": "B", "n": "67"},
  {"title": "請問全台唯一獲得米其林三星的餐廳是哪一間?", "A": "山海樓", "B": "頤宮", "C": "鼎泰豐", "D": "教父牛排", "ans" : "B", "n": "68"},
  {"title": "請問台中在地美食「麻薏」綠色湯底 + 地瓜，試問其原料為何?", "A": "地瓜葉", "B": "菠菜", "C": "黃麻", "D": "大陸妹", "ans": "C", "n": "69"},
  {"title": "請問太陽餅的由來是什麼", "A": "狼吞日製餅驅逐", "B": "狀似太陽而名之", "C": "祭祀太陽神--阿波羅", "D": "萬金餅招親", "ans": "B", "n": "70"},
  {"title": "請問新竹米粉風乾是因為何種方位的風?", "A": "西南", "B": "西西南", "C": "東北", "D": "東南", "ans": "C", "n": "71"},
  {"title": "請問台灣哪條街的芒果冰最有名?", "A": "迪化街", "B": "新豐街", "C": "中康街", "D": "永康街", "ans": "D", "n": "72"},
  {"title": "請問著名的辛香料「馬告」是下列哪一族對它的稱呼?", "A": "阿美族", "B": "鄒族", "C": "泰雅族", "D": "排灣族", "ans": "C", "n": "73"},
  {"title": "請問知名的飲料「廟口紅茶」在哪裡?", "A": "花蓮廟口", "B": "基隆廟口", "C": "高雄廟口", "D": "新竹廟口", "ans": "A", "n": "74"},
  {"title": "請問黑松露冬季or夏季 白松露冬季or夏季 何者最昂貴?", "A": "黑松露夏季", "B": "白松露冬季", "C": "白松露夏季", "D": "黑松露冬季", "ans": "B", "n": "75"},
  {"title": "請問知名廟口夜市美食「鼎邊銼」的「銼」是甚麼意思?", "A": "用鍋鏟把東西鏟起", "B": "液體物爬滾的動作", "C": "搓揉麵團", "D": "一面烤一面炒", "ans": "B", "n": "76"},
  {"title": "請問淡水知名小吃「阿給」的由來?", "A": "將賣剩下的食材包在油豆腐中", "B": "一位名叫「阿給」的人的拿手菜", "C": "淡水以前舊稱為「阿給」", "D": "一位日本人引進台灣的家鄉菜", "ans":"A", "n":"77"},
  {"title": "請問台灣特色街頭小吃「肉圓」的發源地在哪裡?", "A": "台中", "B": "高雄", "C": "新竹", "D": "彰化", "ans": "D", "n": "78"},
  {"title": "請問「甜不辣」一詞的由來?", "A": "味道甜而不辣", "B": "從日本傳來的音譯", "C": "葡萄牙語的速食之意", "D": "西班牙語的速食之意", "ans": "C", "n": "79"},
  {"title": "請問台灣之光--鼎泰豐的小籠包有幾個皺褶", "A": "18", "B": "19", "C": "20", "D": "21", "ans": "A", "n": "80"}
  

]
